id,bpjs,nama,umur,jenis_kelamin,penyakit,tgl_masuk,tgl_keluar,dokter,ruangan,status_kunjungan
1,029,Kendrick Mui,23,L,DBD,8 Nov 2025,18 Nov 2025,dr. Gideon Guillame,Mawar A008,Tidak ada
2,543,Sheldon Cooper,17,L,Fraktur tangan,8 Nov 2025,-,dr. Gita Gunawan Sp.OT,Anggrek B005,Tidak ada
3,567,Ayudia Hastari,12,P,Leukimia,9 Nov 2025,-,dr. Olivia Vocenta Sp.PD-KHOM,Mawar A006,Ada
4,645,Cannice Jiihana,17,P,GERD,9 Nov 2025,-,dr. Inayah Arleta Sp.PD,Mawar A002,Ada
5,906,Della Hartono,19,P,Anemia,9 Nov 2025,-,dr. Arman Suryadi Sp.PD,Mawar B006,Tidak ada
6,236,Gibran Syarif,35,L,Hepatitis A,9 Nov 2025,14 Nov 2025,dr. Laila Nurhadi Sp.PD,Anggrek A003,Ada
7,677,Nadine Viviene,26,P,Radang Tenggorokan,10 Nov 2025,13 Nov 2025,dr. Dilan Gutawa Sp.THT-KL,Lily C006,Ada 
8,333,Carolina Nubis,34,P,Pneumonia,10 Nov 2025,15 Nov 2025,dr. Saputra Edi Sp.P,Lily A004,Ada
9,793,Wendy Tri,17,P,Kanker Kulit,18 Nov 2025,-,dr. Gideon Guillame,Anggrek D003,Tidak ada
